Workbook

Sheet Cartera
A1: CUENTAS POR COBRAR — ACADEMIA DE CONDUCIR
A2: Seguimiento de facturas y control de cartera vencida
A4: N° Documento | B4: Cliente | C4: RUC/DNI | D4: Emisión | E4: Vencimiento | F4: Monto | G4: Estado | H4: Días Atraso | I4: Monto Pendiente
A5: F001-100000 | B5: Juan Pérez | C5: 20305908588 | D5: 46041 | E5: 46056 | F5: 3595.69 | G5: Pagada | H5: =IF(G5="Pagada",0,IF(TODAY()>E5,TODAY()-E5,0)) | I5: =IF(G5="Pagada",0,F5)
A6: F001-100001 | B6: María López S.A.C. | C6: 20306834351 | D6: 46146 | E6: 46162 | F6: 1557.28 | G6: Pagada | H6: =IF(G6="Pagada",0,IF(TODAY()>E6,TODAY()-E6,0)) | I6: =IF(G6="Pagada",0,F6)
A7: F001-100002 | B7: Comercial Andina E.I.R.L. | C7: 20863326524 | D7: 46100 | E7: 46115 | F7: 452.1 | G7: Pagada | H7: =IF(G7="Pagada",0,IF(TODAY()>E7,TODAY()-E7,0)) | I7: =IF(G7="Pagada",0,F7)
A8: F001-100003 | B8: Lucía Fernández | C8: 20694326387 | D8: 46128 | E8: 46143 | F8: 1665.4 | G8: Pagada | H8: =IF(G8="Pagada",0,IF(TODAY()>E8,TODAY()-E8,0)) | I8: =IF(G8="Pagada",0,F8)
A9: F001-100004 | B9: Distribuidora Sur S.A. | C9: 20436166731 | D9: 46188 | E9: 46204 | F9: 2940.41 | G9: Pagada | H9: =IF(G9="Pagada",0,IF(TODAY()>E9,TODAY()-E9,0)) | I9: =IF(G9="Pagada",0,F9)
A10: F001-100005 | B10: Mercado Central S.A.C. | C10: 20839359880 | D10: 46153 | E10: 46169 | F10: 3615.25 | G10: Pagada | H10: =IF(G10="Pagada",0,IF(TODAY()>E10,TODAY()-E10,0)) | I10: =IF(G10="Pagada",0,F10)
A11: F001-100006 | B11: Roberto Castillo | C11: 20429159712 | D11: 46151 | E11: 46167 | F11: 1646.03 | G11: Pagada | H11: =IF(G11="Pagada",0,IF(TODAY()>E11,TODAY()-E11,0)) | I11: =IF(G11="Pagada",0,F11)
A12: F001-100007 | B12: Inversiones Norte | C12: 20489754469 | D12: 46024 | E12: 46040 | F12: 372.16 | G12: Pagada | H12: =IF(G12="Pagada",0,IF(TODAY()>E12,TODAY()-E12,0)) | I12: =IF(G12="Pagada",0,F12)
A13: F001-100008 | B13: Agro Export S.A.C. | C13: 20869683969 | D13: 46097 | E13: 46113 | F13: 3354.8 | G13: Pagada | H13: =IF(G13="Pagada",0,IF(TODAY()>E13,TODAY()-E13,0)) | I13: =IF(G13="Pagada",0,F13)
A14: F001-100009 | B14: Transportes Rápidos E.I.R.L. | C14: 20262924428 | D14: 46189 | E14: 46204 | F14: 3232.42 | G14: Pagada | H14: =IF(G14="Pagada",0,IF(TODAY()>E14,TODAY()-E14,0)) | I14: =IF(G14="Pagada",0,F14)
A15: F001-100010 | B15: Panadería La Abuela | C15: 20851600222 | D15: 46158 | E15: 46174 | F15: 3089.95 | G15: Pagada | H15: =IF(G15="Pagada",0,IF(TODAY()>E15,TODAY()-E15,0)) | I15: =IF(G15="Pagada",0,F15)
A16: F001-100011 | B16: Minimarket Los Andes | C16: 20826470895 | D16: 46182 | E16: 46197 | F16: 3577.69 | G16: Pagada | H16: =IF(G16="Pagada",0,IF(TODAY()>E16,TODAY()-E16,0)) | I16: =IF(G16="Pagada",0,F16)
... A19: F001-100014 | B19: Taller El Dragón | C19: 20787924679 | D19: 46115 | E19: 46131 | F19: 1639.7 | G19: Pagada | H19: =IF(G19="Pagada",0,IF(TODAY()>E19,TODAY()-E19,0)) | I19: =IF(G19="Pagada",0,F19)

Sheet Resumen
A1: RESUMEN DE CARTERA — ACADEMIA DE CONDUCIR
A2: Estado de tu cartera de clientes y aging analysis
A4: TOTAL EN CARTERA | D4: COBRADO | G4: PENDIENTE
A5: =SUM(Cartera!F5:F19) | D5: =SUMIF(Cartera!$G$5:$G$19,"Pagada",Cartera!$F$5:$F$19) | G5: =SUM(Cartera!I5:I19)
A8: AGING — MONTOS POR ANTIGÜEDAD
A9: Rango | B9: Monto | C9: Documentos
A10: Vigente (aún no vence) | B10: =SUMPRODUCT((Cartera!H5:H19=0)*(Cartera!G5:G19="Pendiente")*Cartera!F5:F19) | C10: =SUMPRODUCT((Cartera!H5:H19=0)*(Cartera!G5:G19="Pendiente")*1)
A11: 1 - 30 días | B11: =SUMPRODUCT((Cartera!H5:H19>=1)*(Cartera!H5:H19<=30)*Cartera!F5:F19) | C11: =SUMPRODUCT((Cartera!H5:H19>=1)*(Cartera!H5:H19<=30)*1)
A12: 31 - 60 días | B12: =SUMPRODUCT((Cartera!H5:H19>=31)*(Cartera!H5:H19<=60)*Cartera!F5:F19) | C12: =SUMPRODUCT((Cartera!H5:H19>=31)*(Cartera!H5:H19<=60)*1)
A13: 61 - 90 días | B13: =SUMPRODUCT((Cartera!H5:H19>=61)*(Cartera!H5:H19<=90)*Cartera!F5:F19) | C13: =SUMPRODUCT((Cartera!H5:H19>=61)*(Cartera!H5:H19<=90)*1)
A14: +90 días (CRÍTICO) | B14: =SUMPRODUCT((Cartera!H5:H19>90)*Cartera!F5:F19) | C14: =SUMPRODUCT((Cartera!H5:H19>90)*1)
A16: 💡 A más de 60 días vencido, es urgente gestionar cobro. Llama o envía recordatorio por WhatsApp.
A18: Academia de Conducir · Plantilla profesional Pack Perú
