Workbook

Sheet Ventas del Dia
A1: VENTAS DEL DIA — REPUESTOS DE AUTO
A2: Registra cada venta con su método de pago (Efectivo, Yape, Plin, Tarjeta)
A4: Hora | B4: N° Comprobante | C4: Método de Pago | D4: Descripción | E4: Monto | F4: IGV | G4: Total
A5: 08:00 | B5: B001-10000 | C5: Efectivo | D5: Aceites | E5: 3.2 | F5: =ROUND(E5/1.18*0.18,2) | G5: =E5
A6: 08:30 | B6: B001-10001 | C6: Yape | D6: Pastas de freno | E6: 8.91 | F6: =ROUND(E6/1.18*0.18,2) | G6: =E6
A7: 09:15 | B7: B001-10002 | C7: Plin | D7: Pastas de freno | E7: 18.6 | F7: =ROUND(E7/1.18*0.18,2) | G7: =E7
A8: 09:45 | B8: B001-10003 | C8: Efectivo | D8: Batería | E8: 3.87 | F8: =ROUND(E8/1.18*0.18,2) | G8: =E8
A9: 10:20 | B9: B001-10004 | C9: Tarjeta | D9: Amortiguadores | E9: 4.93 | F9: =ROUND(E9/1.18*0.18,2) | G9: =E9
A10: 11:00 | B10: B001-10005 | C10: Yape | D10: Bujías | E10: 36.71 | F10: =ROUND(E10/1.18*0.18,2) | G10: =E10
A11: 11:40 | B11: B001-10006 | C11: Efectivo | D11: Correa de tiempo | E11: 31.85 | F11: =ROUND(E11/1.18*0.18,2) | G11: =E11
A12: 12:15 | B12: B001-10007 | C12: Efectivo | D12: Bujías | E12: 9.47 | F12: =ROUND(E12/1.18*0.18,2) | G12: =E12
A13: 12:50 | B13: B001-10008 | C13: Transferencia | D13: Amortiguadores | E13: 6.2 | F13: =ROUND(E13/1.18*0.18,2) | G13: =E13
A14: 13:30 | B14: B001-10009 | C14: Yape | D14: Amortiguadores | E14: 28.38 | F14: =ROUND(E14/1.18*0.18,2) | G14: =E14
A15: 14:10 | B15: B001-10010 | C15: Efectivo | D15: Bujías | E15: 38.42 | F15: =ROUND(E15/1.18*0.18,2) | G15: =E15
A16: 15:00 | B16: B001-10011 | C16: Yape | D16: Filtros | E16: 7.63 | F16: =ROUND(E16/1.18*0.18,2) | G16: =E16
... A24: 19:30 | B24: B001-10019 | C24: Yape | D24: Batería | E24: 7.97 | F24: =ROUND(E24/1.18*0.18,2) | G24: =E24

Sheet Arqueo de Caja
A1: ARQUEO DE CAJA
A2: Cuenta el efectivo y compara con tu sistema
A4: Denominación | B4: Cantidad | C4: Subtotal
A5: Billete S/ 200 | B5: 1 | C5: =200*B5
A6: Billete S/ 100 | B6: 0 | C6: =100*B6
A7: Billete S/ 50 | B7: 4 | C7: =50*B7
A8: Billete S/ 20 | B8: 4 | C8: =20*B8
A9: Billete S/ 10 | B9: 4 | C9: =10*B9
A10: Moneda S/ 5 | B10: 3 | C10: =5*B10
A11: Moneda S/ 2 | B11: 4 | C11: =2*B11
A12: Moneda S/ 1 | B12: 17 | C12: =1*B12
A13: Moneda S/ 0.50 | B13: 7 | C13: =0.5*B13
A14: Moneda S/ 0.20 | B14: 9 | C14: =0.2*B14
A15: TOTAL EFECTIVO EN CAJA | C15: =SUM(C5:C14)

Sheet Resumen Diario
A1: CUADRE DE CAJA — REPUESTOS DE AUTO
A2: Sistema vs arqueo — si cuadra, estás bien
A4: VENTAS EFECTIVO (SISTEMA) | D4: VENTAS YAPE/PLIN
A5: =SUMPRODUCT(('Ventas del Dia'!C5:C24='Efectivo')*'Ventas del Dia'!F5:F24) | D5: =SUMPRODUCT(('Ventas del Dia'!C5:C24='Yape')*'Ventas del Dia'!G5:G24)+SUMPRODUCT(('Ventas del Dia'!C5:C24='Plin')*'Ventas del Dia'!G5:G24)
A7: TOTAL SISTEMA | D7: TOTAL ARQUEO
A8: =SUM('Ventas del Dia'!G5:G24) | D8: =Arqueo de Caja!C16
A10: DIFERENCIA
A11: =C9-C10
A13: RESUMEN POR MÉTODO DE PAGO
A14: Método | B14: Monto | C14: %
A15: Efectivo | B15: =SUMIF('Ventas del Dia'!$C:$C,A15,'Ventas del Dia'!$G:$G) | C15: =IF(SUM('Ventas del Dia'!$G$5:$G$24)=0,0,B15/SUM('Ventas del Dia'!$G$5:$G$24))
A16: Yape | B16: =SUMIF('Ventas del Dia'!$C:$C,A16,'Ventas del Dia'!$G:$G) | C16: =IF(SUM('Ventas del Dia'!$G$5:$G$24)=0,0,B16/SUM('Ventas del Dia'!$G$5:$G$24))
A17: Plin | B17: =SUMIF('Ventas del Dia'!$C:$C,A17,'Ventas del Dia'!$G:$G) | C17: =IF(SUM('Ventas del Dia'!$G$5:$G$24)=0,0,B17/SUM('Ventas del Dia'!$G$5:$G$24))
A18: Tarjeta | B18: =SUMIF('Ventas del Dia'!$C:$C,A18,'Ventas del Dia'!$G:$G) | C18: =IF(SUM('Ventas del Dia'!$G$5:$G$24)=0,0,B18/SUM('Ventas del Dia'!$G$5:$G$24))
A19: Transferencia | B19: =SUMIF('Ventas del Dia'!$C:$C,A19,'Ventas del Dia'!$G:$G) | C19: =IF(SUM('Ventas del Dia'!$G$5:$G$24)=0,0,B19/SUM('Ventas del Dia'!$G$5:$G$24))
A22: 💡 Si la diferencia en caja no es cero, revisa los comprobantes del día. Yape/Plin se validan en el celular.
A24: Repuestos de Auto · Plantilla profesional Pack Perú
