Workbook

Sheet Compras
A1: CONTROL DE COMPRAS — TIENDA DE ROPA
A2: Registra compras a proveedores con IGV crédito fiscal
A4: Fecha | B4: Proveedor | C4: RUC | D4: Producto | E4: Cant. | F4: Costo Unit. | G4: Subtotal | H4: IGV 18% | I4: Total | J4: Condición
A5: 46116 | B5: Mayorista Central E.I.R.L. | C5: 20456789012 | D5: Vestido | E5: 5 | F5: 46.24 | G5: =E5*F5 | H5: =ROUND(G5*0.18,2) | I5: =G5+H5 | J5: Contado
A6: 46167 | B6: Distribuciones Andinas | C6: 20612309876 | D6: Polo básico | E6: 14 | F6: 29.53 | G6: =E6*F6 | H6: =ROUND(G6*0.18,2) | I6: =G6+H6 | J6: Crédito 15 días
A7: 46134 | B7: Mayorista San Martín | C7: 20487654321 | D7: Short | E7: 19 | F7: 27.98 | G7: =E7*F7 | H7: =ROUND(G7*0.18,2) | I7: =G7+H7 | J7: Crédito 30 días
A8: 46155 | B8: Mayorista Central E.I.R.L. | C8: 20456789012 | D8: Casaca | E8: 8 | F8: 68.8 | G8: =E8*F8 | H8: =ROUND(G8*0.18,2) | I8: =G8+H8 | J8: Contado
A9: 46155 | B9: Importaciones del Sur S.A. | C9: 20698765432 | D9: Vestido | E9: 2 | F9: 79.47 | G9: =E9*F9 | H9: =ROUND(G9*0.18,2) | I9: =G9+H9 | J9: Crédito 15 días
A10: 46187 | B10: Distribuidora Lima S.A.C. | C10: 20512345678 | D10: Short | E10: 14 | F10: 7.52 | G10: =E10*F10 | H10: =ROUND(G10*0.18,2) | I10: =G10+H10 | J10: Crédito 30 días
A11: 46032 | B11: Mayorista Central E.I.R.L. | C11: 20456789012 | D11: Ropa deportiva | E11: 30 | F11: 14.47 | G11: =E11*F11 | H11: =ROUND(G11*0.18,2) | I11: =G11+H11 | J11: Contado
A12: 46098 | B12: Distribuciones Andinas | C12: 20612309876 | D12: Camisa | E12: 19 | F12: 35.36 | G12: =E12*F12 | H12: =ROUND(G12*0.18,2) | I12: =G12+H12 | J12: Crédito 15 días
A13: 46188 | B13: Mayorista San Martín | C13: 20487654321 | D13: Jean | E13: 8 | F13: 49.24 | G13: =E13*F13 | H13: =ROUND(G13*0.18,2) | I13: =G13+H13 | J13: Crédito 30 días
A14: 46041 | B14: Importaciones del Sur S.A. | C14: 20698765432 | D14: Polo básico | E14: 4 | F14: 42.85 | G14: =E14*F14 | H14: =ROUND(G14*0.18,2) | I14: =G14+H14 | J14: Contado
A15: 46230 | B15: Distribuidora Lima S.A.C. | C15: 20512345678 | D15: Chompa | E15: 26 | F15: 41.79 | G15: =E15*F15 | H15: =ROUND(G15*0.18,2) | I15: =G15+H15 | J15: Crédito 15 días
A16: 46057 | B16: Distribuciones Andinas | C16: 20612309876 | D16: Short | E16: 29 | F16: 43.92 | G16: =E16*F16 | H16: =ROUND(G16*0.18,2) | I16: =G16+H16 | J16: Crédito 30 días
... A24: 46091 | B24: AgroPacas S.A.C. | C24: 20534567891 | D24: Jean | E24: 25 | F24: 53.84 | G24: =E24*F24 | H24: =ROUND(G24*0.18,2) | I24: =G24+H24 | J24: Crédito 15 días
G25: =SUM(G5:G24) | H25: =SUM(H5:H24) | I25: =SUM(I5:I24)

Sheet Resumen
A1: RESUMEN DE COMPRAS — TIENDA DE ROPA
A2: Crédito fiscal, proveedores y estado de pagos
A4: TOTAL COMPRAS | D4: IGV CRÉDITO FISCAL
A5: =SUM(Compras!I5:I24) | D5: =SUM(Compras!H5:H24)
A8: COMPRAS POR PROVEEDOR
A9: Proveedor | B9: Monto | C9: N° compras
A10: Distribuidora Lima S.A.C. | B10: =SUMIF(Compras!$B:$B,A10,Compras!$I:$I) | C10: =COUNTIF(Compras!$B:$B,A10)
A11: Mayorista Central E.I.R.L. | B11: =SUMIF(Compras!$B:$B,A11,Compras!$I:$I) | C11: =COUNTIF(Compras!$B:$B,A11)
A12: Importaciones del Sur S.A. | B12: =SUMIF(Compras!$B:$B,A12,Compras!$I:$I) | C12: =COUNTIF(Compras!$B:$B,A12)
A13: AgroPacas S.A.C. | B13: =SUMIF(Compras!$B:$B,A13,Compras!$I:$I) | C13: =COUNTIF(Compras!$B:$B,A13)
A14: Mayorista San Martín | B14: =SUMIF(Compras!$B:$B,A14,Compras!$I:$I) | C14: =COUNTIF(Compras!$B:$B,A14)
A15: Distribuciones Andinas | B15: =SUMIF(Compras!$B:$B,A15,Compras!$I:$I) | C15: =COUNTIF(Compras!$B:$B,A15)
A18: ESTADO DE CONDICIONES DE PAGO
A19: Condición | B19: Monto | C19: %
A20: Contado | B20: =SUMIF(Compras!$J:$J,A20,Compras!$I:$I) | C20: =IF(SUM(Compras!$I$5:$I$24)=0,0,B20/SUM(Compras!$I$5:$I$24))
A21: Crédito 15 días | B21: =SUMIF(Compras!$J:$J,A21,Compras!$I:$I) | C21: =IF(SUM(Compras!$I$5:$I$24)=0,0,B21/SUM(Compras!$I$5:$I$24))
A22: Crédito 30 días | B22: =SUMIF(Compras!$J:$J,A22,Compras!$I:$I) | C22: =IF(SUM(Compras!$I$5:$I$24)=0,0,B22/SUM(Compras!$I$5:$I$24))
A24: 💡 Guarda los RUC de tus proveedores: te servirán para la declaración anual y el PDT 621.
A26: Tienda de Ropa · Plantilla profesional Pack Perú
